pais,2007 ,2008 ,2009 ,2010 ,2011 ,2012 ,2013 ,2014 ,2015 ,2016 ,2017 ,2018 ,2019 ,2020 ,2021 
Afeganistão,8.108,8.022,8.082,8.068,7.947,8.019,7.949,7.91,8.989,10.086,11.18,11.11,11.085,11.71,0.0
Albânia,15.97,13.06,13.67,14.09,13.48,13.38,15.87,18.05,17.19,15.42,13.62,12.3,11.47,13.067,12.683
Argélia,13.79,11.33,10.16,9.96,9.96,10.97,9.82,10.21,11.21,10.2,10.334,10.416,10.495,12.248,11.747
Samoa,0.0,0.0,0.0,0.0,0.0,0.0,0.0,0.0,0.0,0.0,0.0,0.0,0.0,0.0,0.0
Andorra,0.0,0.0,0.0,0.0,0.0,0.0,0.0,0.0,0.0,0.0,0.0,0.0,0.0,0.0,0.0
Angola,3.827,3.791,3.78,9.43,7.36,8.064,8.834,9.58,9.584,9.586,9.535,9.522,9.481,10.35,10.384
Antígua e Barbuda,0.0,0.0,0.0,0.0,0.0,0.0,0.0,0.0,0.0,0.0,0.0,0.0,0.0,0.0,0.0
Argentina,8.47,7.84,8.65,7.71,7.18,7.22,7.1,7.27,7.524,8.109,8.35,9.22,9.84,11.46,8.74
Armênia,9.81,9.997,9.894,10.542,10.917,11.298,11.531,11.862,12.177,12.426,12.944,13.21,12.2,12.18,12.729
Aruba,0.0,0.0,0.0,0.0,0.0,0.0,0.0,0.0,0.0,0.0,0.0,0.0,0.0,0.0,0.0
Austrália,4.38,4.23,5.56,5.21,5.08,5.22,5.66,6.08,6.05,5.71,5.59,5.3,5.16,6.46,5.12
Áustria,4.86,4.13,5.3,4.82,4.56,4.87,5.34,5.62,5.72,6.01,5.5,4.85,4.49,5.36,6.18
Azerbaijão,6.33,5.86,5.74,5.63,5.42,5.19,4.97,4.91,4.96,5.0,4.96,4.94,4.85,7.16,5.95
Bahamas,7.88,8.18,14.25,14.321,14.52,14.02,16.18,13.8,12.0,12.7,9.8,10.0,10.051,12.867,11.665
Bahrein,1.091,1.11,1.144,1.13,1.185,1.2,1.178,1.184,1.197,1.181,1.169,1.185,1.181,1.674,1.532
Bangladesh,4.092,4.548,5.0,3.38,3.75,4.099,4.43,4.393,4.371,4.35,4.37,4.38,4.382,5.209,5.097
Barbados,7.41,8.12,10.02,10.69,11.19,11.59,11.55,12.17,9.8,8.25,8.62,8.32,8.41,10.105,9.582
Bielorrússia,7.659,7.027,6.1,6.257,6.169,6.051,6.007,5.996,5.838,5.84,5.65,4.76,4.16,4.05,3.9
Bélgica,7.46,6.98,7.91,8.29,7.14,7.54,8.43,8.52,8.48,7.83,7.09,5.95,5.36,5.55,6.26
Belize,8.51,8.18,8.244,8.244,8.284,8.308,8.35,8.24,7.58,7.0,6.6,7.814,9.05,10.788,10.29
Benin,0.886,0.935,0.996,1.04,2.65,2.454,2.254,2.111,2.023,1.836,1.643,1.47,1.466,1.671,1.752
Bermudas,0.0,0.0,0.0,0.0,0.0,0.0,0.0,0.0,0.0,0.0,0.0,0.0,0.0,0.0,0.0
Butão,3.7,3.746,3.96,3.32,3.23,2.05,2.87,2.63,2.45,2.774,3.056,3.35,2.72,5.03,3.908
Bolívia,2.643,2.6,2.97,2.614,2.25,2.07,2.44,2.02,3.11,3.5,3.65,3.52,3.68,7.9,5.09
Bósnia e Herzegovina,28.98,23.41,24.07,27.31,27.58,28.01,27.49,27.52,27.69,25.41,20.53,18.4,15.69,15.265,14.9
Botsuana,17.172,16.59,16.17,17.86,18.152,18.416,18.538,18.894,19.299,19.315,19.603,19.838,20.09,21.02,21.155
Brasil,9.28,8.27,9.42,8.034,7.58,7.25,7.07,6.76,8.56,11.74,12.93,12.46,12.05,13.93,13.34
Ilhas Virgens Britânicas,0.0,0.0,0.0,0.0,0.0,0.0,0.0,0.0,0.0,0.0,0.0,0.0,0.0,0.0,0.0
Brunei,6.23,6.288,6.388,6.568,6.69,6.732,6.77,6.86,7.693,8.432,9.32,8.7,6.92,7.41,7.446
Bulgária,6.88,5.61,6.82,10.28,11.26,12.27,12.94,11.42,9.14,7.57,6.16,5.21,4.23,5.12,5.27
Burkina Faso,3.3,3.406,3.574,3.626,3.78,3.912,4.052,4.206,4.344,4.44,4.566,4.69,4.693,5.055,5.232
Burundi,2.423,1.63,1.625,1.606,1.602,1.589,1.576,1.57,1.477,1.315,1.166,1.017,0.871,1.03,1.132
Cabo Verde,10.725,10.743,10.754,10.67,10.874,11.127,11.357,11.586,11.81,12.002,12.24,12.17,12.207,14.878,13.91
Camboja,1.26,0.82,0.58,0.77,0.58,0.509,0.44,0.69,0.39,0.72,0.14,0.142,0.146,0.298,0.295
Camarões,3.06,3.418,3.766,4.11,3.967,3.817,3.675,3.53,3.546,3.572,3.598,3.609,3.629,3.947,4.122
Canadá,6.04,6.14,8.34,8.06,7.51,7.29,7.07,6.91,6.91,7.0,6.34,5.83,5.66,9.46,7.46
Ilhas Cayman,0.0,0.0,0.0,0.0,0.0,0.0,0.0,0.0,0.0,0.0,0.0,0.0,0.0,0.0,0.0
República Centro-Africana,5.258,5.206,5.272,5.518,5.457,5.44,5.452,5.577,5.737,5.746,5.762,5.7,5.755,6.38,6.458
Chade,0.924,0.943,0.958,0.952,1.005,1.0,1.027,1.042,1.072,1.118,1.127,1.13,1.12,1.645,1.538
Ilhas do Canal,5.677,5.75,7.177,7.551,7.789,8.618,9.212,8.996,8.596,8.118,7.505,6.932,6.777,7.811,7.553
Chile,8.43,9.29,11.31,8.41,7.32,6.64,6.2,6.65,6.49,6.73,6.95,7.21,7.27,11.14,9.35
China,4.35,4.59,4.72,4.53,4.55,4.58,4.6,4.63,4.65,4.56,4.47,4.31,4.56,5.0,4.55
Colômbia,10.25,10.52,11.32,10.98,10.11,9.74,9.05,8.57,8.3,8.69,8.87,9.11,9.96,15.04,13.9
Comores,5.657,5.972,6.339,6.686,7.037,7.407,7.74,8.14,8.14,8.082,8.056,8.043,8.063,9.032,8.979
Dem Congo,3.316,3.551,3.807,4.017,4.254,4.49,4.468,4.449,4.457,4.479,4.459,4.434,4.436,5.127,5.112
Congo,20.122,19.975,19.943,20.019,20.19,20.122,20.34,20.274,20.485,20.648,20.592,20.644,20.612,22.517,22.235
Costa Rica,4.49,4.78,7.71,7.17,9.52,9.11,8.22,8.5,8.42,8.09,7.73,9.01,10.81,16.43,15.14
Costa do Marfim,6.185,6.356,6.602,6.776,7.215,7.22,4.25,3.475,2.697,1.9,3.27,2.835,2.4,2.66,2.817
Croácia,9.91,8.53,9.2,11.62,13.68,15.93,17.25,17.29,16.18,13.1,11.21,8.43,6.62,7.51,7.61
Cuba,1.79,1.58,1.67,2.5,3.18,3.46,3.29,2.7,2.4,2.0,1.7,1.7,1.2,1.4,1.473
Curaçao,0.0,0.0,0.0,0.0,0.0,0.0,0.0,0.0,0.0,0.0,0.0,0.0,0.0,0.0,0.0
Chipre,3.92,3.65,5.36,6.26,7.86,11.8,15.87,16.09,14.91,12.95,11.05,8.37,7.07,7.59,7.46
Tchéquia,5.32,4.39,6.66,7.28,6.71,6.98,6.95,6.11,5.05,3.95,2.89,2.24,2.01,2.55,2.81
Dinamarca,3.8,3.68,6.41,7.75,7.77,7.8,7.38,6.93,6.28,5.99,5.83,5.13,5.02,5.64,5.06
Djibuti,27.619,27.455,27.402,27.194,26.971,26.873,26.714,26.51,26.337,26.197,26.06,26.149,26.315,28.048,27.954
Dominica,0.0,0.0,0.0,0.0,0.0,0.0,0.0,0.0,0.0,0.0,0.0,0.0,0.0,0.0,0.0
República Dominicana,5.16,4.76,5.47,5.21,6.09,6.72,7.35,6.72,7.61,7.28,5.83,5.86,6.18,6.13,7.7
Equador,3.14,3.92,4.61,4.09,3.46,3.23,3.08,3.48,3.62,4.6,3.84,3.53,3.81,6.11,4.5
Egito,8.8,8.517,9.087,8.756,11.849,12.597,13.154,13.105,13.052,12.45,11.767,9.855,7.851,7.939,7.4
El Salvador,6.41,5.88,7.33,4.89,4.3,3.84,3.69,4.15,4.0,4.42,4.39,4.01,4.17,5.02,4.35
Guiné Equatorial,7.986,7.942,8.057,8.398,8.299,8.191,8.084,8.097,8.205,8.227,8.263,8.2,8.277,9.295,9.147
Eritreia,5.652,5.596,5.645,5.892,5.782,5.693,5.63,5.678,5.797,5.807,5.807,5.697,5.704,7.28,6.802
Estônia,4.59,5.45,13.55,16.71,12.33,10.02,8.63,7.35,6.41,6.88,5.81,5.41,4.51,6.96,6.18
Eswatini,28.24,27.72,27.074,26.39,25.811,25.106,24.524,23.973,23.317,22.72,22.731,22.756,22.782,25.08,24.56
Etiópia,2.436,2.408,2.387,2.336,2.311,2.292,2.25,2.412,2.573,2.735,2.896,3.058,3.219,4.126,3.93
Ilhas Faroe,0.0,0.0,0.0,0.0,0.0,0.0,0.0,0.0,0.0,0.0,0.0,0.0,0.0,0.0,0.0
Fiji,4.117,4.166,4.325,4.308,4.41,4.425,4.318,4.277,4.286,4.32,4.261,4.315,4.442,4.794,4.929
Finlândia,6.85,6.37,8.25,8.39,7.78,7.69,8.19,8.66,9.38,8.82,8.64,7.36,6.69,7.76,7.61
França,7.66,7.06,8.74,8.87,8.81,9.4,9.92,10.29,10.35,10.05,9.41,9.02,8.41,8.01,7.86
Polinésia,11.74,11.91,12.269,12.189,12.276,12.175,12.117,12.14,12.087,12.085,11.975,12.081,12.135,13.67,13.265
Gabão,18.272,19.19,19.834,20.39,20.418,20.489,20.507,20.565,20.601,20.668,20.732,20.747,20.695,21.726,21.836
Gâmbia,9.038,9.056,9.131,9.231,9.607,9.42,8.592,7.786,6.814,5.959,5.038,4.13,4.18,5.096,4.981
Geórgia,13.28,17.87,20.71,20.2,19.63,19.65,19.42,17.44,16.51,16.6,13.94,12.67,11.57,11.73,12.208
Alemanha,8.66,7.52,7.74,6.97,5.82,5.38,5.23,4.98,4.62,4.12,3.75,3.38,3.14,3.86,3.57
Gana,4.865,4.975,5.243,5.38,4.223,3.225,2.17,4.495,6.81,5.106,3.37,3.429,3.463,3.774,3.919
Gibraltar,0.0,0.0,0.0,0.0,0.0,0.0,0.0,0.0,0.0,0.0,0.0,0.0,0.0,0.0,0.0
Grécia,8.4,7.76,9.62,12.71,17.86,24.44,27.47,26.49,24.9,23.54,21.49,19.29,17.31,16.31,14.71
Groenlândia,0.0,0.0,0.0,0.0,0.0,0.0,0.0,0.0,0.0,0.0,0.0,0.0,0.0,0.0,0.0
Granada,0.0,0.0,0.0,0.0,0.0,0.0,0.0,0.0,0.0,0.0,0.0,0.0,0.0,0.0,0.0
Guam,8.3,8.712,9.3,8.2,13.3,12.2,11.5,7.6,6.9,5.4,5.43,5.547,5.477,6.577,6.25
Guatemala,3.14,3.314,3.489,3.5,3.095,2.76,3.02,2.72,2.51,2.58,2.46,2.28,2.19,3.359,2.942
Guiné,4.66,4.739,4.871,4.782,4.795,4.816,4.883,4.916,4.942,4.833,4.871,4.977,5.02,5.945,5.82
Guiné-Bissau,3.085,3.095,3.103,3.104,3.093,3.16,3.14,3.163,3.142,3.151,3.162,3.2,3.175,3.605,3.687
Guiana,10.943,11.301,11.538,11.812,12.058,12.333,12.64,12.954,13.252,13.475,13.757,14.02,13.52,15.589,14.905
Haiti,16.8,16.298,15.658,15.383,14.56,14.1,13.958,13.96,13.888,13.852,13.786,13.755,13.781,15.085,15.017
Honduras,3.21,3.16,3.29,4.12,4.47,3.75,5.65,7.08,6.15,6.73,5.53,5.62,5.55,10.68,7.947
Hong Kong,4.01,3.56,5.26,4.33,3.42,3.29,3.4,3.3,3.31,3.39,3.12,2.81,2.92,5.81,5.17
Hungria,7.41,7.82,10.03,11.17,11.03,11.0,10.18,7.73,6.81,5.11,4.16,3.71,3.42,4.25,4.05
Islândia,2.25,2.95,7.22,7.56,7.03,6.0,5.38,4.9,3.98,2.98,2.74,2.7,3.51,5.48,6.02
Índia,8.536,8.354,8.384,8.319,8.168,8.095,8.037,7.981,7.915,7.842,7.733,7.65,6.51,10.195,7.713
Indonésia,8.06,7.21,6.11,5.61,5.15,4.47,4.34,4.05,4.51,4.3,3.78,4.39,3.59,4.25,3.83
Irã,10.77,10.63,12.11,13.68,12.49,12.27,10.6,10.68,11.17,12.62,12.23,12.19,10.74,9.69,10.818
Iraque,8.65,8.48,8.395,8.252,8.125,7.96,9.263,10.59,10.729,10.82,13.02,14.065,15.11,16.23,16.17
Irlanda,4.98,6.77,12.61,14.53,15.35,15.45,13.73,11.86,9.91,8.37,6.71,5.74,4.95,5.62,6.19
Ilha de Man,0.0,0.0,0.0,0.0,0.0,0.0,0.0,0.0,0.0,0.0,0.0,0.0,0.0,0.0,0.0
Israel,9.38,7.7,9.53,8.48,7.14,6.86,6.21,5.89,5.25,4.8,4.22,4.0,3.8,4.33,4.319
Itália,6.08,6.72,7.75,8.36,8.36,10.65,12.15,12.68,11.9,11.69,11.21,10.61,9.95,9.16,9.5
Jamaica,6.679,6.67,7.31,7.63,8.03,8.69,9.7,9.05,8.842,8.63,7.4,5.47,4.99,6.5,6.011
Japão,3.89,4.0,5.07,5.1,4.55,4.36,4.04,3.59,3.39,3.13,2.82,2.47,2.35,2.8,2.8
Jordânia,13.1,12.7,12.9,12.5,12.9,12.2,12.6,11.9,13.08,15.28,18.12,18.26,16.8,19.21,18.444
Cazaquistão,7.26,6.63,6.55,5.77,5.39,5.29,5.2,5.06,4.93,4.96,4.9,4.85,4.8,4.89,5.162
Quênia,2.919,2.976,2.92,2.846,2.859,2.844,2.831,2.796,2.774,2.76,3.52,4.245,5.01,5.616,5.644
Kiribati,0.0,0.0,0.0,0.0,0.0,0.0,0.0,0.0,0.0,0.0,0.0,0.0,0.0,0.0,0.0
Coreia do Norte,2.911,2.873,2.9,2.81,2.891,2.92,2.917,2.868,2.897,2.92,2.86,2.808,2.783,3.064,3.213
Coreia do Sul,3.01,2.96,3.36,3.32,2.99,2.81,2.75,3.08,3.55,3.65,3.65,3.82,3.75,3.93,3.64
Kosovo,0.0,0.0,0.0,0.0,0.0,0.0,0.0,0.0,0.0,0.0,0.0,0.0,0.0,0.0,0.0
Kuwait,1.5,1.75,1.64,1.82,2.033,2.318,2.622,2.9,2.2,2.16,2.198,2.158,2.156,3.331,2.818
Quirguistão,2.677,2.77,2.788,2.834,3.022,3.027,3.296,3.283,3.378,3.483,3.589,3.67,4.25,4.63,4.766
Laos,1.092,0.965,0.848,0.71,1.069,1.422,1.775,2.146,2.521,2.896,3.27,3.266,3.273,3.576,3.637
Letônia,6.05,7.74,17.51,19.48,16.21,15.05,11.87,10.85,9.87,9.64,8.72,7.41,6.31,8.1,7.51
Líbano,8.98,7.672,6.35,6.836,7.383,7.83,8.28,8.765,9.263,9.723,10.211,10.728,11.3,12.971,12.497
Lesoto,16.928,16.882,17.048,16.867,16.872,16.813,16.916,16.904,16.852,16.825,16.985,16.918,16.88,18.461,18.293
Libéria,2.233,2.249,2.263,2.27,2.212,2.162,2.11,2.08,2.577,3.08,3.042,3.025,3.017,3.842,3.672
Líbia,19.443,19.428,19.411,19.308,19.446,19.03,19.46,19.611,19.521,19.516,19.291,19.446,19.612,20.343,20.606
Liechtenstein,0.0,0.0,0.0,0.0,0.0,0.0,0.0,0.0,0.0,0.0,0.0,0.0,0.0,0.0,0.0
Lituânia,4.25,5.83,13.79,17.81,15.39,13.36,11.77,10.7,9.12,7.86,7.07,6.15,6.26,8.49,7.11
Luxemburgo,4.07,5.06,5.12,4.36,4.9,5.14,5.85,5.85,6.67,6.29,5.52,5.59,5.59,6.77,5.25
Macau,3.27,3.0,3.58,2.84,2.56,1.97,1.82,1.67,1.81,1.94,1.99,1.83,1.75,2.57,2.253
Madagascar,3.253,3.564,4.004,4.28,2.438,0.6,0.998,1.391,1.79,1.8,1.815,1.833,1.841,2.363,2.31
Malawi,4.894,4.919,4.92,4.941,4.968,5.004,4.98,4.968,4.987,4.982,4.96,4.949,4.932,5.681,5.658
Malásia,3.23,3.32,3.66,3.39,3.05,3.1,3.16,2.88,3.1,3.44,3.41,3.3,3.26,4.54,4.046
Maldivas,9.702,10.816,11.7,11.008,10.149,9.216,8.393,7.521,6.618,5.77,5.371,4.971,4.56,5.34,5.257
Mali,1.324,1.323,1.329,1.333,1.352,1.385,1.372,1.349,1.361,1.37,1.494,1.62,1.619,3.53,2.603
Malta,6.47,5.98,6.89,6.85,6.38,6.2,6.11,5.73,5.38,4.69,4.0,3.66,3.62,4.35,3.53
Ilhas Marshall,0.0,0.0,0.0,0.0,0.0,0.0,0.0,0.0,0.0,0.0,0.0,0.0,0.0,0.0,0.0
Mauritânia,9.977,9.948,9.935,9.895,9.869,9.86,9.967,10.066,10.152,10.308,10.34,10.391,10.402,11.137,11.287
Maurício,8.48,7.17,7.26,7.65,7.45,7.47,7.32,7.47,7.41,6.81,6.75,6.43,6.33,8.63,7.656
México,3.63,3.87,5.36,5.3,5.17,4.89,4.91,4.81,4.31,3.86,3.42,3.27,3.48,4.45,4.09
Micronésia,0.0,0.0,0.0,0.0,0.0,0.0,0.0,0.0,0.0,0.0,0.0,0.0,0.0,0.0,0.0
Moldávia,5.07,3.98,6.4,7.45,6.68,5.58,5.1,3.73,4.7,4.02,3.89,2.91,5.1,3.82,3.23
Mônaco,0.0,0.0,0.0,0.0,0.0,0.0,0.0,0.0,0.0,0.0,0.0,0.0,0.0,0.0,0.0
Mongólia,7.2,5.56,5.86,6.55,4.77,3.9,4.23,4.8,4.86,7.24,6.36,5.38,5.443,6.59,7.75
Montenegro,19.4,17.15,19.09,19.65,19.76,19.81,19.59,18.05,17.55,17.73,16.08,15.19,15.13,17.88,16.87
Marrocos,9.56,9.57,8.96,9.09,8.91,8.99,9.23,9.7,9.46,9.3,9.225,9.239,9.242,11.114,10.542
Moçambique,3.097,3.141,3.19,3.229,3.263,3.304,3.347,3.384,3.43,3.454,3.453,3.455,3.465,3.776,3.939
Mianmar,0.669,0.682,0.69,0.696,0.719,0.731,0.722,0.723,0.77,0.994,1.36,0.77,0.41,1.48,0.0
Namíbia,22.203,22.253,22.293,22.12,19.46,16.77,19.03,18.52,20.895,23.35,21.656,19.88,20.002,21.236,21.268
Nauru,0.0,0.0,0.0,0.0,0.0,0.0,0.0,0.0,0.0,0.0,0.0,0.0,0.0,0.0,0.0
Nepal,10.514,10.593,10.542,10.548,10.503,10.531,10.502,10.576,10.512,10.403,10.66,10.623,10.599,13.078,12.223
Países Baixos,4.15,3.65,4.35,4.99,4.98,5.82,7.24,7.42,6.87,6.01,4.84,3.83,3.38,3.82,4.21
Nova Caledônia,14.807,14.611,13.97,13.731,14.036,14.358,14.466,14.59,13.891,13.182,12.275,11.603,10.88,13.56,12.436
Nova Zelândia,3.66,4.17,6.12,6.56,6.49,6.93,5.84,5.43,5.41,5.15,4.74,4.33,4.11,4.6,3.78
Nicarágua,4.89,6.2,8.16,7.83,6.499,5.21,5.28,4.52,4.7,3.9,3.3,5.2,5.202,5.937,5.932
Níger,2.216,1.702,1.274,0.771,0.32,2.18,1.381,0.52,0.532,0.534,0.542,0.542,0.552,0.68,0.668
Nigéria,3.791,3.782,3.763,3.755,3.77,3.75,3.7,3.944,4.221,4.509,4.729,4.963,5.206,5.999,5.936
Macedônia do Norte,35.23,33.93,32.35,33.13,31.5,31.2,29.14,28.38,26.43,24.3,22.81,21.2,17.39,16.55,15.78
Ilhas Marianas do Norte,0.0,0.0,0.0,0.0,0.0,0.0,0.0,0.0,0.0,0.0,0.0,0.0,0.0,0.0,0.0
Noruega,2.49,2.55,3.1,3.52,3.21,3.12,3.42,3.48,4.3,4.68,4.16,3.8,3.69,4.42,4.37
Omã,4.189,4.14,4.058,4.007,3.865,3.658,3.602,3.55,3.384,3.27,2.573,1.8,1.85,2.94,2.512
Paquistão,0.4,0.42,0.54,0.65,0.8,1.864,2.95,1.83,3.57,3.756,3.913,4.08,4.83,6.55,6.34
Palau,0.0,0.0,0.0,0.0,0.0,0.0,0.0,0.0,0.0,0.0,0.0,0.0,0.0,0.0,0.0
Panamá,5.844,5.908,6.011,5.875,4.05,3.717,3.703,4.419,4.368,4.759,5.392,5.218,6.33,14.114,10.301
Papua-Nova Guiné,2.241,2.326,2.125,2.0,2.62,2.533,2.533,2.34,2.449,2.455,2.478,2.538,2.432,2.694,2.825
Paraguai,4.71,4.42,5.46,4.57,4.67,4.09,4.38,5.03,4.56,5.25,4.61,6.22,6.59,7.55,7.31
Peru,4.08,4.03,3.96,3.6,3.48,3.24,3.57,3.21,3.27,3.74,3.69,3.49,3.38,7.18,5.1
Filipinas,3.43,3.72,3.86,3.61,3.59,3.5,3.5,3.6,3.07,2.7,2.55,2.34,2.24,2.52,2.632
Polônia,9.6,7.12,8.17,9.64,9.63,10.09,10.33,8.99,7.5,6.16,4.89,3.85,3.28,3.16,3.36
Portugal,7.97,7.55,9.43,10.77,12.68,15.53,16.19,13.9,12.45,11.07,8.87,6.99,6.46,6.8,6.58
Porto Rico,10.93,11.48,15.0,16.1,15.7,14.5,14.3,13.9,12.0,11.8,10.8,9.2,8.3,8.89,7.9
Catar,0.52,0.31,0.31,0.45,0.56,0.48,0.28,0.2,0.17,0.15,0.14,0.11,0.1,0.14,0.17
Romênia,6.41,5.79,6.86,6.96,7.18,6.79,7.1,6.8,6.81,5.9,4.93,4.19,3.91,5.03,5.59
Rússia,6.0,6.21,8.3,7.37,6.54,5.44,5.46,5.16,5.57,5.56,5.21,4.85,4.5,5.59,4.72
Ruanda,11.916,11.857,11.92,11.895,11.877,11.858,11.906,11.876,11.828,11.86,11.88,12.1,12.43,13.01,13.315
Samoa,5.359,5.584,5.836,5.731,5.68,8.75,8.661,8.72,8.763,8.819,9.4,9.472,9.147,9.793,9.91
San Marino,0.0,0.0,0.0,0.0,0.0,0.0,0.0,0.0,0.0,0.0,0.0,0.0,0.0,0.0,0.0
São Tomé e Príncipe,16.315,15.617,15.258,14.585,14.105,13.59,13.617,13.64,13.78,13.839,13.911,13.998,14.078,15.443,15.34
Arábia Saudita,5.73,5.08,5.38,5.55,5.77,5.52,5.6,5.72,5.6,5.6,5.89,6.03,5.64,7.45,6.692
Senegal,10.073,10.104,10.194,10.233,10.36,9.41,8.589,7.625,6.76,4.46,4.08,3.57,2.86,3.509,3.498
Sérvia,18.06,13.7,16.14,19.22,22.97,24.0,22.15,19.22,17.66,15.26,13.48,12.73,10.39,9.01,10.06
Seychelles,0.0,0.0,0.0,0.0,0.0,0.0,0.0,0.0,0.0,0.0,0.0,0.0,0.0,0.0,0.0
Serra Leoa,3.787,3.924,4.06,4.175,4.295,4.375,4.469,4.68,4.437,3.927,3.561,3.19,3.193,3.572,3.697
Singapura,3.9,3.96,5.86,4.12,3.89,3.72,3.86,3.74,3.79,4.08,4.2,3.641,3.1,4.1,3.54
São Martinho,0.0,0.0,0.0,0.0,0.0,0.0,0.0,0.0,0.0,0.0,0.0,0.0,0.0,0.0,0.0
Eslováquia,11.14,9.51,12.03,14.38,13.62,13.96,14.22,13.18,11.48,9.67,8.13,6.54,5.75,6.69,6.83
Eslovênia,4.82,4.37,5.86,7.24,8.17,8.84,10.1,9.67,8.96,8.0,6.56,5.11,4.45,4.97,4.74
Ilhas Salomão,1.886,1.894,2.02,1.568,1.288,1.055,0.69,0.734,0.733,0.691,0.698,0.714,0.744,0.892,0.988
Somália,19.174,19.175,19.174,19.174,19.173,19.161,19.066,19.01,18.877,18.931,18.975,18.87,18.828,19.567,19.931
África do Sul,19.543,19.51,20.51,23.18,21.42,21.79,22.04,22.61,22.87,24.02,23.99,24.22,25.54,24.34,28.77
Sudão do Sul,12.133,12.15,12.211,12.138,12.203,12.342,12.036,12.139,12.29,12.326,12.26,12.229,12.199,13.745,13.485
Espanha,8.23,11.25,17.86,19.86,21.39,24.79,26.09,24.44,22.06,19.64,17.22,15.25,14.1,15.53,14.78
Sri Lanka,5.97,5.22,5.85,4.78,4.12,3.88,4.24,4.19,4.52,4.24,4.05,4.32,4.67,5.2,5.239
São Cristóvão e Névis,0.0,0.0,0.0,0.0,0.0,0.0,0.0,0.0,0.0,0.0,0.0,0.0,0.0,0.0,0.0
Santa Lúcia,14.0,12.72,15.37,17.111,18.86,19.06,22.21,21.303,20.556,19.659,18.86,19.08,15.32,20.39,19.52
São Martinho,0.0,0.0,0.0,0.0,0.0,0.0,0.0,0.0,0.0,0.0,0.0,0.0,0.0,0.0,0.0
São Vicente e Granadinas,19.071,18.79,18.917,18.977,18.919,18.893,18.905,18.948,18.969,18.978,19.028,19.02,19.09,20.55,20.398
Sudão,14.843,14.8,13.0,15.13,17.44,17.668,17.405,17.385,17.444,17.441,17.501,17.572,17.586,19.292,19.05
Suriname,9.031,8.875,8.72,7.15,7.54,8.1,6.6,6.94,7.22,7.92,7.91,7.932,8.029,9.524,9.078
Suécia,6.16,6.23,8.35,8.61,7.8,7.98,8.05,7.95,7.43,6.99,6.72,6.36,6.83,8.29,8.72
Suíça,3.64,3.35,4.11,4.81,4.41,4.49,4.75,4.83,4.8,4.92,4.8,4.71,4.39,4.82,5.1
Síria,8.42,10.94,8.14,8.61,8.626,8.856,8.863,8.744,8.721,8.765,8.747,8.746,8.742,10.011,9.816
Tajiquistão,12.365,11.978,11.5,10.889,10.239,9.573,8.904,8.227,7.552,6.9,6.949,7.001,7.044,7.485,7.744
Tanzânia,3.024,2.77,2.5,2.99,3.47,3.256,2.93,2.12,2.144,2.151,2.168,2.203,2.214,2.78,2.74
Tailândia,1.18,1.18,1.49,0.62,0.66,0.58,0.25,0.58,0.6,0.69,0.83,0.77,0.72,1.1,0.992
Timor-Leste,3.353,3.321,3.313,3.3,3.549,3.777,4.014,4.213,4.451,4.66,4.749,4.718,4.452,4.804,4.975
Togo,3.815,3.329,2.875,2.427,1.98,2.034,2.09,2.145,2.2,2.965,3.74,3.723,3.707,4.028,4.175
Tonga,1.183,1.212,1.479,1.467,1.453,1.661,1.768,1.826,1.941,1.904,2.074,2.25,2.244,2.654,2.669
Trinidad e Tobago,5.54,4.63,5.28,4.03,3.43,3.72,2.68,2.48,2.43,3.21,3.309,3.405,3.52,4.21,4.45
Tunísia,12.36,12.44,13.29,13.05,18.33,17.63,15.93,14.26,15.16,15.56,15.33,15.46,15.13,16.373,16.264
Turquia,8.87,9.71,12.55,10.66,8.8,8.15,8.73,9.88,10.24,10.84,10.82,10.89,13.67,13.11,11.98
Turcomenistão,5.739,4.943,4.0,4.0,4.087,4.077,4.096,4.126,4.114,4.14,4.171,4.196,4.226,4.799,4.787
Ilhas Turks e Caicos,0.0,0.0,0.0,0.0,0.0,0.0,0.0,0.0,0.0,0.0,0.0,0.0,0.0,0.0,0.0
Tuvalu,0.0,0.0,0.0,0.0,0.0,0.0,0.0,0.0,0.0,0.0,0.0,0.0,0.0,0.0,0.0
Uganda,2.724,3.143,3.6,3.587,3.491,3.55,1.91,2.323,2.749,3.183,3.64,3.571,3.554,4.511,4.295
Ucrânia,6.35,6.36,8.84,8.1,7.85,7.53,7.17,9.27,9.14,9.35,9.5,8.8,8.19,9.48,9.83
Emirados Árabes Unidos,2.86,2.721,2.668,2.464,2.284,2.171,2.032,1.902,1.763,1.64,2.46,2.24,2.33,4.29,3.11
Reino Unido,5.26,5.62,7.54,7.79,8.04,7.88,7.52,6.11,5.3,4.81,4.33,4.0,3.74,4.472,4.826
Estados Unidos,4.62,5.78,9.25,9.63,8.95,8.07,7.37,6.17,5.28,4.87,4.36,3.9,3.67,8.05,5.35
Uruguai,9.4,8.03,7.74,7.16,6.31,6.45,6.44,6.55,7.49,7.84,7.89,8.34,8.73,10.33,9.29
Uzbequistão,4.99,4.89,5.04,5.36,4.96,4.87,4.86,5.09,5.15,5.16,5.83,5.856,5.861,5.29,6.017
Vanuatu,1.799,1.741,1.804,1.85,1.801,1.849,1.859,1.792,1.855,1.749,1.71,1.784,1.757,2.017,2.118
Venezuela,7.28,6.25,6.1,7.11,6.9,6.6,7.54,6.865,6.077,5.32,5.05,5.02,5.092,7.53,6.471
Vietnã,2.03,1.927,1.74,1.11,1.0,1.03,1.32,1.26,1.85,1.85,1.87,1.16,1.68,2.1,2.38
Ilhas Virgens,10.024,10.112,11.406,11.55,11.826,11.91,12.402,12.475,12.258,12.354,12.053,12.245,12.35,13.255,13.173
Cisjordânia e Faixa de Gaza,18.28,22.91,20.45,21.42,17.6,19.2,19.89,20.53,23.0,23.94,25.68,26.26,25.34,25.89,26.39
Iêmen,12.498,12.623,12.75,12.826,13.249,13.165,13.264,13.47,13.783,13.407,13.25,13.076,12.978,13.575,13.887
Zâmbia,10.576,7.93,10.56,13.19,10.585,7.85,8.005,8.133,8.28,8.393,8.52,5.03,5.54,6.03,6.22
Zimbábue,4.848,5.075,5.077,5.189,5.37,5.139,4.994,4.77,5.282,5.796,6.279,6.784,7.37,7.898,8.067
